-- phpMyAdmin SQL Dump
-- version 5.1.1
-- https://www.phpmyadmin.net/
--
-- Host: 127.0.0.1
-- Generation Time: Apr 03, 2023 at 05:39 AM
-- Server version: 10.4.22-MariaDB
-- PHP Version: 7.4.27

SET SQL_MODE = "NO_AUTO_VALUE_ON_ZERO";
START TRANSACTION;
SET time_zone = "+00:00";


/*!40101 SET @OLD_CHARACTER_SET_CLIENT=@@CHARACTER_SET_CLIENT */;
/*!40101 SET @OLD_CHARACTER_SET_RESULTS=@@CHARACTER_SET_RESULTS */;
/*!40101 SET @OLD_COLLATION_CONNECTION=@@COLLATION_CONNECTION */;
/*!40101 SET NAMES utf8mb4 */;

--
-- Database: `shopmarket`
--

-- --------------------------------------------------------

--
-- Table structure for table `category`
--

CREATE TABLE `category` (
  `CatagoryID` int(10) NOT NULL,
  `Name` varchar(30) NOT NULL,
  `Description` varchar(50) DEFAULT NULL
) ENGINE=InnoDB DEFAULT CHARSET=utf8;

--
-- Dumping data for table `category`
--

INSERT INTO `category` (`CatagoryID`, `Name`, `Description`) VALUES
(1, 'Fruit', 'The kind that can be eaten without cooking'),
(2, 'Green Vegetables', 'The kind used to make salads or soups'),
(3, 'Spices', 'The kind used to enhance the taste of food');

-- --------------------------------------------------------

--
-- Table structure for table `customers`
--

CREATE TABLE `customers` (
  `CustomerID` int(10) NOT NULL,
  `Password` varchar(20) NOT NULL,
  `Fullname` varchar(40) NOT NULL,
  `Address` varchar(50) DEFAULT NULL,
  `City` varchar(20) DEFAULT NULL
) ENGINE=InnoDB DEFAULT CHARSET=utf8;

--
-- Dumping data for table `customers`
--

INSERT INTO `customers` (`CustomerID`, `Password`, `Fullname`, `Address`, `City`) VALUES
(1, 'Abcd1234', 'John Smith', '30 Broadway', 'London'),
(2, 'Abcd1234', 'Jonny English', '99 River View', 'Reading'),
(3, 'Abcd1234', 'Elizabeth', '23 Buckinghamshire', 'York'),
(4, 'Abcd1234', 'Beatrix', '66 Royal Crescent', 'Bath');

-- --------------------------------------------------------

--
-- Table structure for table `order`
--

CREATE TABLE `order` (
  `OrderID` int(10) UNSIGNED NOT NULL,
  `CustomerID` int(10) NOT NULL,
  `Date` date NOT NULL,
  `Total` float NOT NULL,
  `Note` text NOT NULL
) ENGINE=InnoDB DEFAULT CHARSET=utf8;

--
-- Dumping data for table `order`
--

INSERT INTO `order` (`OrderID`, `CustomerID`, `Date`, `Total`, `Note`) VALUES
(1, 1, '2021-08-15', 150000, 'Use environmental protection bags'),
(2, 2, '2021-08-16', 235000, 'Hello'),
(3, 3, '2021-08-16', 65000, 'Need fast delivery'),
(4, 3, '2021-08-17', 80000, '');

-- --------------------------------------------------------

--
-- Table structure for table `orderdetail`
--

CREATE TABLE `orderdetail` (
  `OrderID` int(10) UNSIGNED NOT NULL,
  `VegetableID` int(10) NOT NULL,
  `Quantity` tinyint(4) NOT NULL,
  `Price` float NOT NULL
) ENGINE=InnoDB DEFAULT CHARSET=utf8;

--
-- Dumping data for table `orderdetail`
--

INSERT INTO `orderdetail` (`OrderID`, `VegetableID`, `Quantity`, `Price`) VALUES
(1, 1, 1, 30000),
(1, 8, 1, 120000),
(2, 2, 1, 35000),
(2, 3, 1, 150000),
(2, 4, 1, 80000),
(3, 5, 1, 35000),
(3, 7, 2, 30000),
(4, 6, 2, 80000);

-- --------------------------------------------------------

--
-- Table structure for table `vegetable`
--

CREATE TABLE `vegetable` (
  `VegetableID` int(10) NOT NULL,
  `CatagoryID` int(10) NOT NULL,
  `VegetableName` varchar(30) NOT NULL,
  `Unit` varchar(20) NOT NULL,
  `Amount` int(10) NOT NULL,
  `Image` varchar(50) NOT NULL,
  `Price` float NOT NULL
) ENGINE=InnoDB DEFAULT CHARSET=utf8;

--
-- Dumping data for table `vegetable`
--

INSERT INTO `vegetable` (`VegetableID`, `CatagoryID`, `VegetableName`, `Unit`, `Amount`, `Image`, `Price`) VALUES
(1, 1, 'Tomato', 'kg', 100, 'images/tomato.jpg', 30000),
(2, 1, 'potato', 'kg', 150, 'images/potato.jpg', 35000),
(3, 1, 'Apple', 'bag', 50, 'images/apple.jpg', 150000),
(4, 1, 'Water melon', 'per fruit', 20, 'images/watermelon.jpg', 80000),
(5, 2, ' broccoli', 'kg', 50, 'images/broccoli.jpg', 35000),
(6, 2, 'celery', 'kg', 80, 'images/celery.jpg', 40000),
(7, 3, ' spring onion', 'bunch', 50, 'images/springonion.jpg', 15000),
(8, 3, 'garlic', 'kg', 30, 'images/garlic.jpg', 120000);

--
-- Indexes for dumped tables
--

--
-- Indexes for table `category`
--
ALTER TABLE `category`
  ADD PRIMARY KEY (`CatagoryID`);

--
-- Indexes for table `customers`
--
ALTER TABLE `customers`
  ADD PRIMARY KEY (`CustomerID`);

--
-- Indexes for table `order`
--
ALTER TABLE `order`
  ADD PRIMARY KEY (`OrderID`),
  ADD KEY `CustomerID` (`CustomerID`);

--
-- Indexes for table `orderdetail`
--
ALTER TABLE `orderdetail`
  ADD PRIMARY KEY (`OrderID`,`VegetableID`),
  ADD KEY `OrderID` (`OrderID`),
  ADD KEY `VegetableID` (`VegetableID`);

--
-- Indexes for table `vegetable`
--
ALTER TABLE `vegetable`
  ADD PRIMARY KEY (`VegetableID`),
  ADD KEY `CatagoryID` (`CatagoryID`);

--
-- AUTO_INCREMENT for dumped tables
--

--
-- AUTO_INCREMENT for table `order`
--
ALTER TABLE `order`
  MODIFY `OrderID` int(10) UNSIGNED NOT NULL AUTO_INCREMENT, AUTO_INCREMENT=13;

--
-- Constraints for dumped tables
--

--
-- Constraints for table `category`
--
ALTER TABLE `category`
  ADD CONSTRAINT `category_ibfk_1` FOREIGN KEY (`CatagoryID`) REFERENCES `vegetable` (`CatagoryID`) ON DELETE CASCADE ON UPDATE CASCADE;

--
-- Constraints for table `order`
--
ALTER TABLE `order`
  ADD CONSTRAINT `order_ibfk_1` FOREIGN KEY (`CustomerID`) REFERENCES `customers` (`CustomerID`) ON DELETE CASCADE ON UPDATE CASCADE;

--
-- Constraints for table `orderdetail`
--
ALTER TABLE `orderdetail`
  ADD CONSTRAINT `orderdetail_ibfk_1` FOREIGN KEY (`VegetableID`) REFERENCES `vegetable` (`VegetableID`) ON DELETE CASCADE ON UPDATE CASCADE,
  ADD CONSTRAINT `orderdetail_ibfk_2` FOREIGN KEY (`OrderID`) REFERENCES `order` (`OrderID`) ON DELETE CASCADE ON UPDATE CASCADE;
COMMIT;

/*!40101 SET CHARACTER_SET_CLIENT=@OLD_CHARACTER_SET_CLIENT */;
/*!40101 SET CHARACTER_SET_RESULTS=@OLD_CHARACTER_SET_RESULTS */;
/*!40101 SET COLLATION_CONNECTION=@OLD_COLLATION_CONNECTION */;
